{"version": 2, "width": 80, "height": 17, "timestamp": 1597764997, "env": {"SHELL": "/bin/bash", "TERM": "screen"}}
[0.131803, "o", "\r\r\n\r\r\nvagrant demo $ "]
[0.743237, "o", "v"]
[0.79456, "o", "i"]
[0.837386, "o", "m"]
[0.887714, "o", "c"]
[0.937764, "o", "a"]
[0.981919, "o", "t"]
[1.026309, "o", " "]
[1.076137, "o", "s"]
[1.124537, "o", "a"]
[1.169014, "o", "m"]
[1.213541, "o", "p"]
[1.266771, "o", "l"]
[1.307214, "o", "e"]
[1.397804, "o", "_"]
[1.492516, "o", "s"]
[1.538664, "o", "p"]
[1.585231, "o", "e"]
[1.635358, "o", "c"]
[1.684756, "o", "."]
[1.731771, "o", "r"]
[1.77577, "o", "b"]
[3.062526, "o", "\r\n"]
[3.166298, "o", "\u001b[33m  1 \u001b[0m\u001b[35mrequire\u001b[0m \u001b[35m'\u001b[0m\u001b[31mrspec\u001b[0m\u001b[35m'\u001b[0m\r\n\u001b[33m  2 \u001b[0m\u001b[35mrequire\u001b[0m \u001b[35m'\u001b[0m\u001b[31mrspec_approvals\u001b[0m\u001b[35m'\u001b[0m\r\n\u001b[33m  3 \u001b[0m\r\n\u001b[33m  4 \u001b[0mdescribe \u001b[35m'\u001b[0m\u001b[31msomething\u001b[0m\u001b[35m'\u001b[0m \u001b[33mdo\u001b[0m\r\n\u001b[33m  5 \u001b[0m  subject { \u001b[35m\"\u001b[0m\u001b[31mhello\u001b[0m\u001b[35m\\n\u001b[0m\u001b[31mworld\u001b[0m\u001b[35m\\n\u001b[0m\u001b[35m\"\u001b[0m }\r\n\u001b[33m  6 \u001b[0m\r\n\u001b[33m  7 \u001b[0m  it \u001b[35m\"\u001b[0m\u001b[31mworks\u001b[0m\u001b[35m\"\u001b[0m \u001b[33mdo\u001b[0m\r\n\u001b[33m  8 \u001b[0m    expect(subject).to match_approval \u001b[35m'\u001b[0m\u001b[31msample\u001b[0m\u001b[35m'\u001b[0m\r\n\u001b[33m  9 \u001b[0m  \u001b[33mend\u001b[0m\r\n\u001b[33m 10 \u001b[0m\u001b[33mend\u001b[0m\r\n\u001b[33m 11 \u001b[0m  \r\n"]
[3.186047, "o", "\r\r\n\r\r\nvagrant demo $ "]
[5.567094, "o", "r"]
[5.606728, "o", "s"]
[5.647961, "o", "p"]
[5.695133, "o", "e"]
[5.741197, "o", "c"]
[5.788447, "o", " "]
[5.837462, "o", "s"]
[5.8892, "o", "a"]
[5.936425, "o", "m"]
[5.982288, "o", "p"]
[6.02341, "o", "l"]
[6.076833, "o", "e"]
[6.170262, "o", "_"]
[6.264321, "o", "s"]
[6.312137, "o", "p"]
[6.350934, "o", "e"]
[6.399684, "o", "c"]
[6.448533, "o", "."]
[6.497712, "o", "r"]
[6.545274, "o", "b"]
[8.166565, "o", "\r\n"]
[8.979215, "o", "\r\nsomething\r\n"]
[8.98042, "o", "\r\n"]
[8.983169, "o", "\u001b[0;32m________________________________________________________________________________\r\n\u001b[0mhello\r\nworld\r\n\r\n"]
[8.985838, "o", "\u001b[0;32m________________________________________________________________________________\r\n\u001b[0m"]
[8.986219, "o", "\u001b[0;32ma\u001b[0m) Approve (and save)\r\n\u001b[0;31mr\u001b[0m) Reject (and fail test)\r\n\r\n\u001b[0;34mPlease Choose:\u001b[0m "]
[11.502661, "o", "\u001b[2K\r\u001b[0;35mApprove (and save)\r\n\u001b[0m"]
[11.50274, "o", "\u001b[0;32mApproved\r\n\u001b[0m"]
[11.510636, "o", "\u001b[32m  works\u001b[0m\r\n"]
[11.511167, "o", "\r\nFinished in 2.53 seconds (files took 0.18562 seconds to load)\r\n\u001b[32m1 example, 0 failures\u001b[0m\r\n"]
[11.511274, "o", "\r\n"]
[11.521817, "o", "\r\r\n\r\r\nvagrant demo $ "]
[13.430873, "o", "r"]
[13.482463, "o", "s"]
[13.524596, "o", "p"]
[13.576839, "o", "e"]
[13.625562, "o", "c"]
[13.668633, "o", " "]
[13.713552, "o", "s"]
[13.76456, "o", "a"]
[13.810655, "o", "m"]
[13.855066, "o", "p"]
[13.901281, "o", "l"]
[13.95075, "o", "e"]
[14.04336, "o", "_"]
[14.139198, "o", "s"]
[14.188262, "o", "p"]
[14.231112, "o", "e"]
[14.276765, "o", "c"]
[14.322061, "o", "."]
[14.371353, "o", "r"]
[14.42016, "o", "b"]
[16.446519, "o", "\r\n"]
[17.31084, "o", "\r\n"]
[17.311167, "o", "something"]
[17.311355, "o", "\r\n"]
[17.315235, "o", "\u001b[32m  works\u001b[0m"]
[17.315378, "o", "\r\n"]
[17.316048, "o", "\r\n"]
[17.31622, "o", "Finished in 0.00725 seconds (files took 0.21637 seconds to load)"]
[17.316462, "o", "\r\n"]
[17.316662, "o", "\u001b[32m1 example, 0 failures\u001b[0m"]
[17.317022, "o", "\r\n"]
[17.317265, "o", "\r\n"]
[17.326404, "o", "\r\r\n\r\r\nvagrant demo $ "]
[19.134843, "o", "v"]
[19.1856, "o", "i"]
[19.234341, "o", " "]
[19.275704, "o", "s"]
[19.327774, "o", "a"]
[19.365757, "o", "m"]
[19.421819, "o", "p"]
[19.463151, "o", "l"]
[19.511656, "o", "e"]
[19.607703, "o", "_"]
[19.698372, "o", "s"]
[19.748598, "o", "p"]
[19.79241, "o", "e"]
[19.837946, "o", "c"]
[19.881436, "o", "."]
[19.935184, "o", "r"]
[19.980878, "o", "b"]
[21.870464, "o", "\r\n"]
[21.89426, "o", "\u001b[?1049h\u001b[?1h\u001b="]
[21.903593, "o", "\u001b[1;17r\u001b[23m\u001b[24m\u001b[0m\u001b[H\u001b[J\u001b[?25l\u001b[17;1H\"sample_spec.rb\""]
[21.904122, "o", " 11L, 175C"]
[21.914241, "o", "\u001b[1;1H\u001b[33m  1 \u001b[0m\u001b[35mrequire\u001b[0m \u001b[35m'\u001b[0m\u001b[31mrspec\u001b[0m\u001b[35m'\u001b[0m\r\n\u001b[33m  2 \u001b[0m\u001b[35mrequire\u001b[0m \u001b[35m'\u001b[0m\u001b[31mrspec_approvals\u001b[0m\u001b[35m'\u001b[0m\r\n\u001b[33m  3 \r\n  4 \u001b[0mdescribe \u001b[35m'\u001b[0m\u001b[31msomething\u001b[0m\u001b[35m'\u001b[0m \u001b[33mdo\r\n  5 \u001b[0m  subject { \u001b[35m\"\u001b[0m\u001b[31mhello\u001b[0m\u001b[35m\\n\u001b[0m\u001b[31mworld\u001b[0m\u001b[35m\\n\"\u001b[0m }\r\n\u001b[33m  6 \r\n  7 \u001b[0m  it \u001b[35m\"\u001b[0m\u001b[31mworks\u001b[0m\u001b[35m\"\u001b[0m \u001b[33mdo\r\n  8 \u001b[0m    expect(subject).to match_approval \u001b[35m'\u001b[0m\u001b[31msample\u001b[0m\u001b[35m'\u001b[0m\r\n\u001b[33m  9 \u001b[0m  \u001b[33mend\r\n 10 end\r\n 11 \u001b[0m\r\n\u001b[1m\u001b[34m~                                                                               \u001b[13;1H~                                                                               \u001b[14;1H~                                                                               \u001b[15;1H~                                                                               \u001b[16;1H~                                                                               \u001b[0m\u001b[17;63H1,1\u001b[11CAll\u001b[1;5H\u001b[34h\u001b[?25h"]
[23.030797, "o", "\u001b[?25l\u001b[17;63H2\u001b[2;5H\u001b[34h\u001b[?25h"]
[23.198678, "o", "\u001b[?25l\u001b[17;63H3,0-1\u001b[3;5H\u001b[34h\u001b[?25h"]
[23.350672, "o", "\u001b[?25l\u001b[17;63H4,1  \u001b[4;5H\u001b[34h\u001b[?25h"]
[23.486731, "o", "\u001b[?25l\u001b[17;63H5\u001b[5;5H\u001b[34h\u001b[?25h"]
[23.670655, "o", "\u001b[?25l\u001b[17;65H2\u001b[5;6H\u001b[34h\u001b[?25h"]
[23.822648, "o", "\u001b[?25l\u001b[17;65H3\u001b[5;7H\u001b[34h\u001b[?25h"]
[23.966647, "o", "\u001b[?25l\u001b[17;65H4\u001b[5;8H\u001b[34h\u001b[?25h"]
[24.094716, "o", "\u001b[?25l\u001b[17;65H5\u001b[5;9H\u001b[34h\u001b[?25h"]
[24.230606, "o", "\u001b[?25l\u001b[17;65H6\u001b[5;10H\u001b[34h\u001b[?25h"]
[24.350714, "o", "\u001b[?25l\u001b[17;65H7\u001b[5;11H\u001b[34h\u001b[?25h"]
[24.486779, "o", "\u001b[?25l\u001b[17;65H8\u001b[5;12H\u001b[34h\u001b[?25h"]
[24.622812, "o", "\u001b[?25l\u001b[17;65H9\u001b[5;13H\u001b[34h\u001b[?25h"]
[24.742678, "o", "\u001b[?25l\u001b[17;65H10\u001b[5;14H\u001b[34h\u001b[?25h"]
[24.872503, "o", "\u001b[?25l \u001b[46m{\u001b[18C}\u001b[0m\u001b[17;66H1\u001b[5;15H\u001b[34h\u001b[?25h"]
[25.015307, "o", "\u001b[?25l{\u001b[18C}\u001b[17;66H2\u001b[5;16H\u001b[34h\u001b[?25h"]
[25.142685, "o", "\u001b[?25l\u001b[17;66H3\u001b[5;17H\u001b[34h\u001b[?25h"]
[25.270522, "o", "\u001b[?25l\u001b[17;66H4\u001b[5;18H\u001b[34h\u001b[?25h"]
[25.406454, "o", "\u001b[?25l\u001b[17;66H5\u001b[5;19H\u001b[34h\u001b[?25h"]
[25.550596, "o", "\u001b[?25l\u001b[17;66H6\u001b[5;20H\u001b[34h\u001b[?25h"]
[25.69468, "o", "\u001b[?25l\u001b[17;66H7\u001b[5;21H\u001b[34h\u001b[?25h"]
[25.838593, "o", "\u001b[?25l\u001b[17;66H8\u001b[5;22H\u001b[34h\u001b[?25h"]
[25.990737, "o", "\u001b[?25l\u001b[17;66H9\u001b[5;23H\u001b[34h\u001b[?25h"]
[26.150554, "o", "\u001b[?25l\u001b[17;65H20\u001b[5;24H\u001b[34h\u001b[?25h"]
[26.318589, "o", "\u001b[?25l\u001b[17;66H1\u001b[5;25H\u001b[34h\u001b[?25h"]
[26.879622, "o", "\u001b[?25l\u001b[31morld\u001b[0m\u001b[35m\\n\"\u001b[0m }\u001b[5;34H\u001b[K\u001b[5;25H\u001b[34h\u001b[?25h"]
