{"version": 2, "width": 80, "height": 19, "timestamp": 1585157881, "env": {"SHELL": "/bin/bash", "TERM": "screen"}}
[0.104243, "o", "\r\r\n\r\r\nvagrant demo $ "]
[1.484159, "o", "c"]
[1.523299, "o", "a"]
[1.568731, "o", "t"]
[1.620201, "o", " "]
[1.671523, "o", "s"]
[1.715292, "o", "a"]
[1.756583, "o", "m"]
[1.808364, "o", "p"]
[1.857063, "o", "l"]
[1.896627, "o", "e"]
[1.998338, "o", "_"]
[2.090462, "o", "s"]
[2.13308, "o", "p"]
[2.183168, "o", "e"]
[2.232019, "o", "c"]
[2.272028, "o", "."]
[2.319494, "o", "r"]
[2.373466, "o", "b"]
[4.132097, "o", "\r\n"]
[4.134497, "o", "require 'rspec'\r\nrequire 'rspec_fixtures'\r\n\r\ndescribe 'something' do\r\n  subject { \"hello\\nworld\\n\" }\r\n\r\n  it \"works\" do\r\n    expect(subject).to match_fixture 'sample'\r\n  end\r\nend\r\n  \r\n"]
[4.139291, "o", "\r\r\n\r\r\nvagrant demo $ "]
[7.316029, "o", "r"]
[7.354309, "o", "s"]
[7.397929, "o", "p"]
[7.445561, "o", "e"]
[7.49861, "o", "c"]
[7.545141, "o", " "]
[7.594508, "o", "s"]
[7.6358, "o", "a"]
[7.684118, "o", "m"]
[7.732749, "o", "p"]
[7.771569, "o", "l"]
[7.819036, "o", "e"]
[7.918374, "o", "_"]
[8.0079, "o", "s"]
[8.061146, "o", "p"]
[8.107692, "o", "e"]
[8.147781, "o", "c"]
[8.1957, "o", "."]
[8.247826, "o", "r"]
[8.293327, "o", "b"]
[9.883631, "o", "\r\n"]
[10.739833, "o", "\r\nsomething\r\n"]
[10.743495, "o", "\u001b[0;32m________________________________________________________________________________\r\n\u001b[0mhello\r\nworld\r\n\r\n"]
[10.745873, "o", "\u001b[0;32m________________________________________________________________________________\r\n\u001b[0m"]
[10.746481, "o", "\u001b[?25l"]
[10.746554, "o", "Please Choose: \u001b[90m(Use ↑/↓ arrow keys, press Enter to select)\u001b[0m\r\n\u001b[32m> Reject (and fail test)\u001b[0m\r\n  Approve (and save fixture)"]
[12.017445, "o", "\u001b[2K\u001b[1G\u001b[1A\u001b[2K\u001b[1G\u001b[1A\u001b[2K\u001b[1G"]
[12.017526, "o", "Please Choose: \r\n  Reject (and fail test)\r\n\u001b[32m> Approve (and save fixture)\u001b[0m"]
[12.87334, "o", "\u001b[2K\u001b[1G\u001b[1A\u001b[2K\u001b[1G\u001b[1A\u001b[2K\u001b[1G"]
[12.873423, "o", "Please Choose: \r\n\u001b[32m> Reject (and fail test)\u001b[0m\r\n  Approve (and save fixture)"]
[13.533905, "o", "\u001b[2K\u001b[1G\u001b[1A\u001b[2K\u001b[1G\u001b[1A\u001b[2K\u001b[1G"]
[13.53398, "o", "Please Choose: \r\n  Reject (and fail test)\r\n\u001b[32m> Approve (and save fixture)\u001b[0m"]
[14.519091, "o", "\u001b[2K\u001b[1G\u001b[1A\u001b[2K\u001b[1G\u001b[1A\u001b[2K\u001b[1G"]
[14.519189, "o", "Please Choose: \u001b[32mApprove (and save fixture)\u001b[0m\r\n\u001b[?25h"]
[14.519943, "o", "\u001b[0;32mApproved\r\n\u001b[0m"]
[14.525772, "o", "\u001b[32m  works\u001b[0m\r\n"]
[14.526182, "o", "\r\nFinished in 3.79 seconds (files took 0.21408 seconds to load)\r\n\u001b[32m1 example, 0 failures\u001b[0m\r\n"]
[14.526227, "o", "\r\n"]
[14.534536, "o", "\r\r\n\r\r\nvagrant demo $ "]
[16.419552, "o", "r"]
[16.467886, "o", "s"]
[16.50902, "o", "p"]
[16.562679, "o", "e"]
[16.602643, "o", "c"]
[16.64682, "o", " "]
[16.694779, "o", "s"]
[16.746736, "o", "a"]
[16.793677, "o", "m"]
[16.842312, "o", "p"]
[16.883562, "o", "l"]
[16.930239, "o", "e"]
[17.022189, "o", "_"]
[17.115011, "o", "s"]
[17.168539, "o", "p"]
[17.216569, "o", "e"]
[17.259446, "o", "c"]
[17.313725, "o", "."]
[17.358122, "o", "r"]
[17.39698, "o", "b"]
[18.971438, "o", "\r\n"]
[19.802833, "o", "\r\nsomething\r\n"]
[19.805374, "o", "\u001b[32m  works\u001b[0m\r\n"]
[19.806018, "o", "\r\nFinished in 0.00432 seconds (files took 0.23552 seconds to load)\r\n\u001b[32m1 example, 0 failures\u001b[0m\r\n"]
[19.806169, "o", "\r\n"]
[19.813033, "o", "\r\r\n\r\r\nvagrant demo $ "]
[22.20592, "o", "v"]
[22.247677, "o", "i"]
[22.29377, "o", " "]
[22.341293, "o", "s"]
[22.381754, "o", "a"]
[22.437726, "o", "m"]
[22.483867, "o", "p"]
[22.524677, "o", "l"]
[22.571135, "o", "e"]
[22.668038, "o", "_"]
[22.755899, "o", "s"]
[22.812549, "o", "p"]
[22.858559, "o", "e"]
[22.898048, "o", "c"]
[22.945571, "o", "."]
[22.996997, "o", "r"]
[23.044608, "o", "b"]
[24.131896, "o", "\r\n"]
[24.497309, "o", "\u001b[?1049h\u001b[?1h\u001b="]
[24.502874, "o", "\u001b[1;19r\u001b[23m\u001b[24m\u001b[0m\u001b[H\u001b[J\u001b[?25l\u001b[19;1H\"sample_spec.rb\""]
[24.503542, "o", " 11L, 173C"]
[24.540498, "o", "\u001b[1;1H\u001b[33m  1 \u001b[0m\u001b[35mrequire\u001b[0m \u001b[35m'\u001b[0m\u001b[31mrspec\u001b[0m\u001b[35m'\u001b[0m\r\n\u001b[33m  2 \u001b[0m\u001b[35mrequire\u001b[0m \u001b[35m'\u001b[0m\u001b[31mrspec_fixtures\u001b[0m\u001b[35m'\u001b[0m\r\n\u001b[33m  3 \r\n  4 \u001b[0mdescribe \u001b[35m'\u001b[0m\u001b[31msomething\u001b[0m\u001b[35m'\u001b[0m \u001b[33mdo\r\n  5 \u001b[0m  subject { \u001b[35m\"\u001b[0m\u001b[31mhello\u001b[0m\u001b[35m\\n\u001b[0m\u001b[31mworld\u001b[0m\u001b[35m\\n\"\u001b[0m }\r\n\u001b[33m  6 \r\n  7 \u001b[0m  it \u001b[35m\"\u001b[0m\u001b[31mworks\u001b[0m\u001b[35m\"\u001b[0m \u001b[33mdo\r\n  8 \u001b[0m    expect(subject).to match_fixture \u001b[35m'\u001b[0m\u001b[31msample\u001b[0m\u001b[35m'\u001b[0m\r\n\u001b[33m  9 \u001b[0m  \u001b[33mend\r\n 10 end\r\n 11 \u001b[0m\r\n\u001b[1m\u001b[34m~                                                                               \u001b[13;1H~                                                                               \u001b[14;1H~                                                                               \u001b[15;1H~                                                                               \u001b[16;1H~                                                                               \u001b[17;1H~                                                                             "]
[24.540578, "o", "  \u001b[18;1H~                                                                               \u001b[0m\u001b[19;63H1,1\u001b[11CAll\u001b[1;5H\u001b[34h\u001b[?25h"]
[25.099711, "o", "\u001b[?25l\u001b[19;63H2\u001b[2;5H\u001b[34h\u001b[?25h"]
[25.275663, "o", "\u001b[?25l\u001b[19;63H3,0-1\u001b[3;5H\u001b[34h\u001b[?25h"]
[25.427982, "o", "\u001b[?25l\u001b[19;63H4,1  \u001b[4;5H\u001b[34h\u001b[?25h"]
[25.580409, "o", "\u001b[?25l\u001b[19;63H5\u001b[5;5H\u001b[34h\u001b[?25h"]
[25.747824, "o", "\u001b[?25l\u001b[19;65H2\u001b[5;6H\u001b[34h\u001b[?25h"]
[25.910001, "o", "\u001b[?25l\u001b[19;65H3\u001b[5;7H\u001b[34h\u001b[?25h"]
[26.409423, "o", "\u001b[?25l\u001b[19;65H4\u001b[5;8H\u001b[34h\u001b[?25h"]
[26.44093, "o", "\u001b[?25l\u001b[19;65H5\u001b[5;9H\u001b[34h\u001b[?25h"]
[26.474291, "o", "\u001b[?25l\u001b[19;65H6\u001b[5;10H\u001b[34h\u001b[?25h"]
[26.50801, "o", "\u001b[?25l\u001b[19;65H7\u001b[5;11H\u001b[34h\u001b[?25h"]
[26.540723, "o", "\u001b[?25l\u001b[19;65H8\u001b[5;12H\u001b[34h\u001b[?25h"]
[26.573131, "o", "\u001b[?25l\u001b[19;65H9\u001b[5;13H\u001b[34h\u001b[?25h"]
[26.606336, "o", "\u001b[?25l\u001b[19;65H10\u001b[5;14H\u001b[34h\u001b[?25h"]
[26.641145, "o", "\u001b[?25l \u001b[46m{\u001b[18C}\u001b[0m\u001b[19;66H1\u001b[5;15H\u001b[34h\u001b[?25h"]
[26.672297, "o", "\u001b[?25l{\u001b[18C}\u001b[19;66H2\u001b[5;16H\u001b[34h\u001b[?25h"]
[26.706632, "o", "\u001b[?25l\u001b[19;66H3\u001b[5;17H\u001b[34h\u001b[?25h"]
[26.738655, "o", "\u001b[?25l\u001b[19;66H4\u001b[5;18H\u001b[34h\u001b[?25h"]
[26.771372, "o", "\u001b[?25l\u001b[19;66H5\u001b[5;19H\u001b[34h\u001b[?25h"]
[26.805711, "o", "\u001b[?25l\u001b[19;66H6\u001b[5;20H\u001b[34h\u001b[?25h"]
[27.036072, "o", "\u001b[?25l\u001b[19;66H7\u001b[5;21H\u001b[34h\u001b[?25h"]
[27.211407, "o", "\u001b[?25l\u001b[19;66H8\u001b[5;22H\u001b[34h\u001b[?25h"]
[27.355575, "o", "\u001b[?25l\u001b[19;66H9\u001b[5;23H\u001b[34h\u001b[?25h"]
[27.507777, "o", "\u001b[?25l\u001b[19;65H20\u001b[5;24H\u001b[34h\u001b[?25h"]
[27.68376, "o", "\u001b[?25l\u001b[19;66H1\u001b[5;25H\u001b[34h\u001b[?25h"]
[28.141327, "o", "\u001b[?25l\u001b[31morld\u001b[0m\u001b[35m\\n\"\u001b[0m }\u001b[5;34H\u001b[K\u001b[5;25H\u001b[34h\u001b[?25h"]
