{"version": 2, "width": 80, "height": 21, "timestamp": 1589906225, "env": {"SHELL": "/bin/bash", "TERM": "screen"}}
[0.117369, "o", "\r\r\n\r\r\nvagrant demo $ "]
[0.766559, "o", "v"]
[0.809826, "o", "i"]
[0.858092, "o", "m"]
[0.908725, "o", "c"]
[0.952626, "o", "a"]
[0.994148, "o", "t"]
[1.041626, "o", " "]
[1.088411, "o", "s"]
[1.139457, "o", "a"]
[1.187921, "o", "m"]
[1.232463, "o", "p"]
[1.284848, "o", "l"]
[1.324435, "o", "e"]
[1.416038, "o", "_"]
[1.511371, "o", "s"]
[1.562815, "o", "p"]
[1.604788, "o", "e"]
[1.650743, "o", "c"]
[1.706261, "o", "."]
[1.74583, "o", "r"]
[1.791711, "o", "b"]
[3.438402, "o", "\r\n"]
[3.542947, "o", "\u001b[33m  1 \u001b[0m\u001b[35mrequire\u001b[0m \u001b[35m'\u001b[0m\u001b[31mrspec\u001b[0m\u001b[35m'\u001b[0m"]
[3.543092, "o", "\r\n\u001b[33m  2 \u001b[0m\u001b[35mrequire\u001b[0m \u001b[35m'\u001b[0m\u001b[31mrspec_approvals\u001b[0m\u001b[35m'\u001b[0m\r\n\u001b[33m  3 \u001b[0m\r\n\u001b[33m  4 \u001b[0mdescribe \u001b[35m'\u001b[0m\u001b[31msomething\u001b[0m\u001b[35m'\u001b[0m \u001b[33mdo\u001b[0m\r\n\u001b[33m  5 \u001b[0m  subject { \u001b[35m\"\u001b[0m\u001b[31mhello\u001b[0m\u001b[35m\\n\u001b[0m\u001b[31mworld\u001b[0m\u001b[35m\\n\u001b[0m\u001b[35m\"\u001b[0m }\r\n\u001b[33m  6 \u001b[0m\r\n\u001b[33m  7 \u001b[0m  it \u001b[35m\"\u001b[0m\u001b[31mworks\u001b[0m\u001b[35m\"\u001b[0m \u001b[33mdo\u001b[0m\r\n\u001b[33m  8 \u001b[0m    expect(subject).to match_approval \u001b[35m'\u001b[0m\u001b[31msample\u001b[0m\u001b[35m'\u001b[0m\r\n\u001b[33m  9 \u001b[0m  \u001b[33mend\u001b[0m\r\n\u001b[33m 10 \u001b[0m\u001b[33mend\u001b[0m\r\n\u001b[33m 11 \u001b[0m  \r\n"]
[3.549087, "o", "\r\r\n\r\r\nvagrant demo $ "]
[6.734575, "o", "r"]
[6.77783, "o", "s"]
[6.831213, "o", "p"]
[6.874892, "o", "e"]
[6.916571, "o", "c"]
[6.963154, "o", " "]
[7.010783, "o", "s"]
[7.064107, "o", "a"]
[7.103384, "o", "m"]
[7.159217, "o", "p"]
[7.206107, "o", "l"]
[7.249699, "o", "e"]
[7.338176, "o", "_"]
[7.435856, "o", "s"]
[7.479314, "o", "p"]
[7.530609, "o", "e"]
[7.581592, "o", "c"]
[7.628821, "o", "."]
[7.666929, "o", "r"]
[7.713341, "o", "b"]
[9.806374, "o", "\r\n"]
[10.636126, "o", "\r\nsomething\r\n"]
[10.639472, "o", "\u001b[0;32m________________________________________________________________________________\r\n\u001b[0mhello\r\nworld\r\n\r\n"]
[10.642127, "o", "\u001b[0;32m________________________________________________________________________________\r\n\u001b[0m\u001b[?25lPlease Choose: \u001b[90m(Use ↑/↓ arrow keys, press Enter to select)\u001b[0m\r\n\u001b[32m> Reject (and fail test)\u001b[0m\r\n  Approve (and save)"]
[12.316768, "o", "\u001b[2K\u001b[1G\u001b[1A\u001b[2K\u001b[1G\u001b[1A\u001b[2K\u001b[1G"]
[12.317199, "o", "Please Choose: \r\n  Reject (and fail test)\r\n\u001b[32m> Approve (and save)\u001b[0m"]
[12.737378, "o", "\u001b[2K\u001b[1G\u001b[1A\u001b[2K\u001b[1G\u001b[1A\u001b[2K\u001b[1G"]
[12.737866, "o", "Please Choose: \r\n\u001b[32m> Reject (and fail test)\u001b[0m\r\n  Approve (and save)"]
[13.209352, "o", "\u001b[2K\u001b[1G\u001b[1A\u001b[2K\u001b[1G\u001b[1A\u001b[2K\u001b[1G"]
[13.209907, "o", "Please Choose: \r\n  Reject (and fail test)\r\n\u001b[32m> Approve (and save)\u001b[0m"]
[16.585069, "o", "\u001b[2K\u001b[1G\u001b[1A\u001b[2K\u001b[1G\u001b[1A\u001b[2K\u001b[1G"]
[16.585458, "o", "Please Choose: \u001b[32mApprove (and save)\u001b[0m"]
[16.585882, "o", "\r\n"]
[16.586439, "o", "\u001b[?25h"]
[16.586835, "o", "\u001b[0;32mApproved\r\n\u001b[0m"]
[16.592806, "o", "\u001b[32m  works\u001b[0m\r\n"]
[16.593544, "o", "\r\nFinished in 5.96 seconds (files took 0.19188 seconds to load)\r\n\u001b[32m1 example, 0 failures\u001b[0m\r\n"]
[16.593895, "o", "\r\n"]
[16.60417, "o", "\r\r\n\r\r\nvagrant demo $ "]
[18.182892, "o", "r"]
[18.229001, "o", "s"]
[18.277676, "o", "p"]
[18.330029, "o", "e"]
[18.370671, "o", "c"]
[18.41652, "o", " "]
[18.46381, "o", "s"]
[18.518605, "o", "a"]
[18.562066, "o", "m"]
[18.603625, "o", "p"]
[18.658514, "o", "l"]
[18.69814, "o", "e"]
[18.79164, "o", "_"]
[18.893703, "o", "s"]
[18.936568, "o", "p"]
[18.97888, "o", "e"]
[19.028256, "o", "c"]
[19.077543, "o", "."]
[19.124474, "o", "r"]
[19.167318, "o", "b"]
[20.894183, "o", "\r\n"]
[21.749234, "o", "\r\nsomething\r\n"]
[21.751891, "o", "\u001b[32m  works\u001b[0m\r\n"]
[21.75256, "o", "\r\nFinished in 0.00465 seconds (files took 0.22566 seconds to load)\r\n"]
[21.752886, "o", "\u001b[32m1 example, 0 failures\u001b[0m\r\n\r\n"]
[21.761736, "o", "\r\r\n\r\r\nvagrant demo $ "]
[24.030582, "o", "v"]
[24.073557, "o", "i"]
[24.127862, "o", " "]
[24.165931, "o", "s"]
[24.213332, "o", "a"]
[24.26802, "o", "m"]
[24.312012, "o", "p"]
[24.355749, "o", "l"]
[24.400739, "o", "e"]
[24.494375, "o", "_"]
[24.588324, "o", "s"]
[24.641875, "o", "p"]
[24.688164, "o", "e"]
[24.728726, "o", "c"]
[24.781336, "o", "."]
[24.823109, "o", "r"]
[24.874146, "o", "b"]
[26.742208, "o", "\r\n"]
[26.768285, "o", "\u001b[?1049h\u001b[?1h\u001b="]
[26.773165, "o", "\u001b[1;21r\u001b[23m\u001b[24m\u001b[0m\u001b[H\u001b[J\u001b[?25l\u001b[21;1H\"sample_spec.rb\""]
[26.773429, "o", " 11L, 175C"]
[26.782311, "o", "\u001b[1;1H\u001b[33m  1 \u001b[0m\u001b[35mrequire\u001b[0m \u001b[35m'\u001b[0m\u001b[31mrspec\u001b[0m\u001b[35m'\u001b[0m\r\n\u001b[33m  2 \u001b[0m\u001b[35mrequire\u001b[0m \u001b[35m'\u001b[0m\u001b[31mrspec_approvals\u001b[0m\u001b[35m'\u001b[0m\r\n\u001b[33m  3 \r\n  4 \u001b[0mdescribe \u001b[35m'\u001b[0m\u001b[31msomething\u001b[0m\u001b[35m'\u001b[0m \u001b[33mdo\r\n  5 \u001b[0m  subject { \u001b[35m\"\u001b[0m\u001b[31mhello\u001b[0m\u001b[35m\\n\u001b[0m\u001b[31mworld\u001b[0m\u001b[35m\\n\"\u001b[0m }\r\n\u001b[33m  6 \r\n  7 \u001b[0m  it \u001b[35m\"\u001b[0m\u001b[31mworks\u001b[0m\u001b[35m\"\u001b[0m \u001b[33mdo\r\n  8 \u001b[0m    expect(subject).to match_approval \u001b[35m'\u001b[0m\u001b[31msample\u001b[0m\u001b[35m'\u001b[0m\r\n\u001b[33m  9 \u001b[0m  \u001b[33mend\r\n 10 end\r\n 11 \u001b[0m\r\n\u001b[1m\u001b[34m~                                                                               \u001b[13;1H~                                                                               \u001b[14;1H~                                                                               \u001b[15;1H~                                                                               \u001b[16;1H~                                                                               \u001b[17;1H~                                                                           "]
[26.782658, "o", "    \u001b[18;1H~                                                                               \u001b[19;1H~                                                                               \u001b[20;1H~                                                                               \u001b[0m\u001b[21;63H1,1\u001b[11CAll\u001b[1;5H\u001b[34h\u001b[?25h"]
[27.902425, "o", "\u001b[?25l\u001b[21;63H2\u001b[2;5H\u001b[34h\u001b[?25h"]
[28.094274, "o", "\u001b[?25l\u001b[21;63H3,0-1\u001b[3;5H\u001b[34h\u001b[?25h"]
[28.270398, "o", "\u001b[?25l\u001b[21;63H4,1  \u001b[4;5H\u001b[34h\u001b[?25h"]
[28.406233, "o", "\u001b[?25l\u001b[21;63H5\u001b[5;5H\u001b[34h\u001b[?25h"]
[28.622308, "o", "\u001b[?25l\u001b[21;65H2\u001b[5;6H\u001b[34h\u001b[?25h"]
[28.798343, "o", "\u001b[?25l\u001b[21;65H3\u001b[5;7H\u001b[34h\u001b[?25h"]
[28.958297, "o", "\u001b[?25l\u001b[21;65H4\u001b[5;8H\u001b[34h\u001b[?25h"]
[29.094333, "o", "\u001b[?25l\u001b[21;65H5\u001b[5;9H\u001b[34h\u001b[?25h"]
[29.231019, "o", "\u001b[?25l\u001b[21;65H6\u001b[5;10H\u001b[34h\u001b[?25h"]
[29.36646, "o", "\u001b[?25l\u001b[21;65H7\u001b[5;11H\u001b[34h\u001b[?25h"]
[29.494244, "o", "\u001b[?25l\u001b[21;65H8\u001b[5;12H\u001b[34h\u001b[?25h"]
[29.630366, "o", "\u001b[?25l\u001b[21;65H9\u001b[5;13H\u001b[34h\u001b[?25h"]
[29.766394, "o", "\u001b[?25l\u001b[21;65H10\u001b[5;14H\u001b[34h\u001b[?25h"]
